city,branch_name,address,latitude,longitude
Mandaluyong,Shaw Boulevard,"537 BCC Bldg. Shaw Blvd, Brgy. Wack Wack, Mandaluyong City 1552",,
Mandaluyong,Shaw Blvd Acacia Lane,"317 Shaw Blvd. near (Acacia Lane), Brgy. Hagdang Bato, Mandaluyong City 1550",,
Mandaluyong,Mandaluyong Libertad,"24 Libertad Corner Calbayog Sts., Brgy. Highway Hills, Mandaluyong City 1550",,
Mandaluyong,Greenhills EDSA,"G/F Hyatt Center, Ortigas Avenue, Brgy Wack Wack, Mandaluyong City 1550",,
Mandaluyong,Mandaluyong Greenfield District,"G/F Zitan Condominium 730 Shaw Boulevard corner Sto. Cristo Street, Greenfield District,Brgy. Highway Hills, Mandaluyong City 1550",,
Mandaluyong,SM Megamall,"G/F Bldg A SM Megamall, Bank Drive, Brgy. Wack-wack, Ortigas Center, Mandaluyong City 1550",,
Mandaluyong,Mandaluyong Barangka,"One Sulatan Tower, 1 Sulatan Street Corner Barangka Drive, Mandaluyong City 1550",,
Mandaluyong,Shangri-La Shaw,Level 1 Main Wing Shangrila Plaza Mall EDSA cor Shaw Blvd Brgy Wack Wack Mandaluyong City 1552 NCR,,
Mandaluyong,Shaw - Mandaluyong,"Unit #6 Ground Floor Sunshine Square Bldg. Shaw Boulevard, Barangay Pleasant Hill, Mandaluyong City 1550",,
Mandaluyong,ADB,"Lower G/F Asian Development Bank, 6 ADB Avenue, Ortigas Center, Brgy. Wack wack, Mandaluyong City 1550",,
Mandaluyong,Mandaluyong,"G/F Mayflower Annex Building, 88 United St Greenfield District, Brgy. Highway Hills, Mandaluyong City 1550",,
Mandaluyong,Boni Avenue,"612 Boni Avenue cor Sikap St., Barangay Plainview Mandaluyong City 1550",,
Mandaluyong,Mandaluyong-Pioneer,"1 Lower G/F Pioneer Highland Condominium, Madison corner Pioneer Street, Brgy. Barangka Ilaya, Mandaluyong City 1550",,
Mandaluyong,Kalentong,"792-E General Kalentong, Barangay Harapin Ang Bukas Streets, Mandaluyong City 1550",,
Manila,Espana UST,"Espana Corner Moret Street , Brgy 397 , Sampaloc, Manila 1008",,
Manila,Tayuman,"1901 Tayuman Street corner Rizal Avenue, Brgy. 353, Sta. Cruz, Manila 1014",,
Manila,Morayta Feu,G/F FEU Technology Bldg. Nicanor Reyes St. Sampaloc Manila 1008,,
Manila,Legarda,"No. 2227-2233 Legarda Street, Brgy 403, Sampaloc, Manila 1008",,
Manila,Quiapo Church,"457 Quezon Boulevard, Barangay 307 Zone 30, Quiapo, Manila, 1001
",,
Manila,Blumentritt Chinese Gen,"Ground Floor, Chinese Medical Arts Building, 286 Blumentritt, Sta. Cruz , Manila 1014",,
Manila,Sampaloc,"Laong Laan cor. AH Lacson Sts., Brgy. 470, Sampaloc, Manila 1008",,
Manila,"Balut Tondo","2484-2488 Juan Luna St., Gagalangin, Tondo, Barangay 165 1013, Manila
",,
Manila,Espana Blumentritt,"Espana cor. Blumentritt Street, Brgy. 528, Sampaloc, Manila 1008",,
Manila,Quiapo,"112 Carlos Palanca St., Barangay 306 Zone 30 Quiapo, Manila 1001",,
,"Pritil","Grand Innovation Bldg. 1997-2003 Juan Luna st., Barangay 151 Zone 13 Tondo Manila 1013",,
Manila,"Bustillos","449 J. Figueras St., Barangay 402 Zone 41, Sampaloc, Manila 1008",,
Manila,"BPI España
","Espana corner AH Lacson Ave, Barangay 479 Zone 47, Sampaloc, Manila 1008

",,
Manila,"San Lazaro Vertex One
","Un Avenue Pope Pious
",,
Manila,"Sta.Ana
","Pedro Gil Cor Calderon Streets, Bgy 879 Sta Ana Manila 1009

",,
Manila,"Sta. Ana Pedro Gil
","G/F Rivergreen Residences Pedro Gil Street, Barangay 880, Sta. Ana, Manila 1009

",,
Manila,"Remedios
","Suite C Doña Felisa Syjuco Bldg. Corner Taft Avenue and Remedios St., Barangay 693 zone 75, Malate, Manila 1004

",,
Manila,"Pandacan West Zamora","1890 West Zamora Street, Brgy 850 Zone 93 Pandacan, Manila 1011

",,
Manila,"Sta.Mesa
","4131 Ramon Magsaysay Blvd., Sta. Mesa, Brgy 586 Zone 57, Manila 1016

",,
Manila,"Leon Guinto
","Ground Floor, NAESS House, 2215 Leon Guinto Street, Brgy 729 , Zone 79 5th District, Malate, Manila

",,
Manila,"Paco
","1585 General Luna St., Brgy 675 Zone 73, Paco Manila 1007
",,
Manila,"Padre Faura Taft
","G/F Manila Astral Tower, 1330 Taft Avenue cor Padre Faura, Brgy 676 Zone 73 District 5, Ermita, Manila 1000

",,
,"Old Sta. Mesa
","4331 Old Sta Mesa Street, Barangay 587 Zone 58, Sta. Mesa, Manila 1016

",,
Manila,"Zobel Roxas
","1015 Krisambet Bldg. Zobel Roxas Street., Barangay No.755, Malate, Manila 1004

",,
Manila,"Robinsons Otis
","Level 1 Robinsons Otis Mall, Paz M. Guazon Street, Paco, Manila 1007

",,
Manila,"Plaza Cervantes
","Dasmarinas St., cor Quintin Paredes St., Binondo Manila 1006, Metro Manila NCR

",,
Manila,"T.Alonzo
","602 T. Alonzo Street, Barangay 302 Zone 29 District III, Sta.Cruz, Manila 1003

",,
Manila,"Escolta
","Escolta cor Nueva St., Brgy 291 Zone 27 Binondo, Manila 1006

",,
Manila,"Binondo Plaza Lorenzo Ruiz
","Plaza Lorenzo Ruiz cor. Reina Regente Street, Brgy. 287 Zone 27 District 3, Binondo, Manila 1006

",,
Manila,"Amaia Skies Avenida
","Ground Floor R01-R04, Amaia Skies Avenida Building, Doroteo Jose corner Tomas Mapua Sts., Bgy 313, Zone 31, 3rd District, Sta Cruz , Manila 1003

",,
Manila,"Divisoria
","707 Elcano Tower II,  Elcano St., Barangay 271 Binondo, Manila 1006

",,
Manila,"Nueva
","492 E.T. Yuchengco Street (former Nueva), Binondo, Manila 1006

",,
Manila,"Masangkay
","Orchard Residences, No. 1311-1325 Masangkay St., Tondo Manila 1013

",,
Manila,"Arranque
","1451-53 Soler St., Barangay 305 Zone 210 Sta. Cruz, Manila 1003

",,
Manila,"Binondo Rosario
","560 Don Yujuico Bldg Quintin Paredes St. 027 Barangay 289 Binondo Manila 1006

",,
Manila,"Divisoria Carmen Planas
","866-868 L&J Bldg., Carmen Planas St., Barangay 269 Zone 25 District III, Binondo, Manila 1006
",,
Manila,"Juan Luna Recto
","834 Gopoco Bldg.,Juan Luna Street Corner Recto, Barangay 268, Binondo, Manila 1006

",,
,"Divisoria Elcano","541-543 Elcano St. San Nicolas 026 Brgy 281 Binondo Manila 1006

",,
Manila,"Dewey
","Suite 101 Ermita Center Bldg, 1350 Roxas blvd, Brgy 668 Zone 072 Ermita Manila 1000
",,
Manila,Malate,"1792 A. Mabini St, Brgy 699 Zone 76, Malate, Manila 1004

",,
Manila,"Taft Quirino Ave
","2151 Taft Avenue, BRGY 709 ZONE 78, Malate, Manila 1004

",,
Manila,"Mabini Echelon","Unit A1 G/F Echelon Tower Condominium, 2100 A. Mabini Street, Brgy 701 Zone 77 District V, Malate, Manila 1004

",,
Manila,"Taft Avenue
","G/F Unlad Condo, Taft Avenue cor. Gen. Malvar Street, Brgy 696 Zone 76 District V, Malate, Manila 1004

",,
Manila,"Vito Cruz Harrison
","BPI Bldg. Pablo Ocampo cor. Maytubig Streets, Brgy 719 Zone 78 5th District, Malate, Manila 1004

",,
Manila,"Ermita
","G/F Midland Plaza Condominium, M Adriatico St Brgy 669 Zone 72 District V, Ermita Manila 1000

",,
,"Malate Mabini
","1377 A. Mabini corner Sta. Monica Sts., Brgy 668 Zone 72, Ermita, Manila 1000

",,
Manila,"Emita Pedro Gil
","G/F TSPI Bldg. 606 Pedro Gil Street, Brgy 698 Zone 76 Ermita, Manila 1000
",,
Manila,"Intramuros
","G/F BPI Bldg, Muralla Street, Brgy 654 Zone 69 District V, Intramuros, Manila 1002

",,
Manila,"Mabini Pedro Gil
","G/F Nestor Bldg., 1578 A. Mabini St. corner Pedro Gil St., Barangay 669, Ermita, Manila 1000

",,
Manila,"Vito Cruz Taft Ave.
","078 Vito Cruz corner Taft Avenue, Barangay 719 Malate, Manila 1004

",,
Manila,"MH Del Pilar
","M. H. Del Pilar cor. UN Avenue, Brgy 667 Zone 72, Ermita, Manila 1000

",,
Manila,"UN Avenue
","G/F Globe UN Avenue 669 UN Avenue, Brgy 666, Ermita, Manila 1000

",,
Manila,Broadway,"677 Aurora Blvd., Brgy. Mariana New Manila, Quezon City 1112

",,
Manila,"E. Rodriguez Broadway
","66 Dona Juana Rodriguez Avenue New Manila Brgy Mariana 1112

",,
Manila,"Aurora - Hemady
","Santander Bldg. 711 Aurora Blvd corner Hemady Street, New Manila, Barangay Mariana, Quezon City 1112

",,
Quezon City,QC Sto Domingo,"1 Biak-Na-Bato corner Quezon Avenue, Brgy Sto. Domingo, Quezon City 1114",,
Quezon City,"Timog Circle
","Timog Commercial Center, Timog Ave cor. Panay Avenue, Brgy South Triangle, Quezon City 1103
",,
Quezon City,"West Ave. - Del Monte
","39 West Avenue, Brgy. Nayong Kanluran, Quezon City

",,
Quezon City,"Quezon Ave - Delta
","385 Quezon Avenue, Brgy. West Triangle, Quezon City 1104
",,
Quezon City,"Quezon Avenue Espana
","14 Quezon Avenue, Brgy. Dona Josefa, Quezon City 1113
",,
Quezon City,"QC West Triangle
","1587 Quezon Avenue, Brgy West Triangle, Quezon City 1104
",,
Quezon City,Kamuning,"Tomas Morato Ave cor Scout Delgado St., Brgy. Laging Handa, Kamuning, Quezon City 1103
",,
Quezon City,Scout Limbaga-Tobias,"GF Scout Center. Scout Tobias Street corner Scout Limbaga Street, Brgy. Laging Handa, Quezon City",,
Quezon City,"ABS CBN","G/F Tower Entrance ELJ Communications Ctr. ABS-CBN Broadcasting Corp., Mother Ignacia St. Brgy South Triangle, Quezon City 1103",,
Quezon City,"QA Fisher Mall
","Upper Basement Fisher Mall, Quezon Avenue corner Roosevelt Avenue, Brgy Santa Cruz Quezon City 1114

",,
Quezon City,"QA - Kanlaon
","Quezon Avenue corner Kanlaon St., Barangay Sta. Teresita, Quezon City 1114

",,
Quezon City,"EDSA - Kamuning
","105 Kamuning Road, Barangay Kamuning, Quezon City

",,
Quezon City,"QA - South Triangle
","1480 Quezon Avenue, Barangay South Triangle, Quezon City 1103

",,
Quezon City,Roces,"2 Alejandro Roces Ave. Cor Quezon Ave, Barangay Paligsahan, Quezon City 1103

",,
Quezon City,"Timog Avenue
","34 Timog Avenue, Barangay Laging Handa, Quezon City 1103

",,
Quezon City,"Timog EDSA
","114 Timog Avenue, Ibon Building, Brgy Sacred Heart, Quezon City 1103

",,
Quezon City,"Blue Ridge Boni Serrano
","Citigold Plaza Bldg. 175 Katipunan Avenue, Brgy Bayanihan, Quezon City 1109

",,
Quezon City,"Kalayaan
","114 Kalayaan Avenue, Brgy Central Diliman, Quezon City 1100

",,
Quezon City,"Kamias EDSA","BPI Kamias Edsa branch - 5 Kamias Road, Brgy Pinyahan, Quezon City 1102
",,
Quezon City,"Up Town Center","Unit C145A L1 Phase 2 UP Town Center, Katipunan Avenue, Brgy. UP Campus, Quezon City 1101

",,
Quezon City,"St. Ignatius - Katipunan
","Linear Bldg., 142 Katipunan Ave., St. Ignatius Village, Brgy. St. Ignatius, Quezon City

",,
Quezon City,"Loyola Katipunan
","Katipunan Road cor Escaler St., Brgy Loyola Heights, Quezon City 1108

",,
Quezon City,"Kamias Anonas
","137 Kamias Road, Brgy Sikatuna, Quezon City 1102

",,
Quezon City,"Philippine Heart Center
","Philippine Heart Center Medical Arts Building Annex, Matalino St., Brgy Central Diliman, Quezon City 1100

",,
Quezon City,"Eastwood City
","Ground Floor, Techno Plaza One Building, 18 Orchard Road, Eastwood City, Bagumbayan, Quezon City
",,
Quezon City,"Xavierville
","74 Xavierville Avenue, Brgy. Loyola Heights, Quezon City 1108

",,
Quezon City,"Capitol Hills
","Capitol Hills Drive, Brgy Matandang Balara, Quezon City 1119

",,
Quezon City,"East Avenue
","22 East Avenue, Barangay Pinyahan, Diliman, Quezon City 1101

",,
Quezon City,"Katipunan Loyola Hgts
","Miranda Bldg. #325 Katipunan Avenue corner Dela Rosa Street, Barangay Loyola Heights, Quezon City 1108
",,
Quezon City,"E. Rodriguez-Acropolis
","SRK Bldg., Blk 11 Lot 48, E. Rodriguez Avenue, Brgy. Bagumbayan, Quezon City 1110

",,
Quezon City,"E.Rodriguez Bagumbayan
","Unit G3 Ground Floor MDC100 Bldg, E. Rodriguez Jr. Avenue, Brgy. Bagumbayan, Quezon City
",,
Quezon City,"Opus Bridgetowne branch
","Opus Mall, Bridgetowne Estate, E. Rodriguez Jr. Avenue, Brgy. Ugong Norte, Quezon City
",,
Quezon City,"Commonwealth","Commonwealth Avenue corner Holy Spirit Drive Don Antonio Heights Brgy Holy Spirit Quezon City 1121
",,
Quezon City,"Robinson's Nova Market
","Robinsons Place Novaliches Level 1 Main Mall, Quirino Highway, Barangay Pasong Putik, Novaliches, Quezon City 1118

",,
Quezon City,"U.P. Techno Hub
","U.P. North Retail Science and Technology Center, Commonwealth Avenue, Barangay UP Campus, Diliman, Quezon City 1101

",,
Quezon City,"Fairview East
","Blk 4 Lot 4 Commonwealth Avenue, Brgy. Fairview, Quezon City 1118

",,
Quezon City,"Commonwealth Royale Place
","Lot 831 Block 1, Royale Place Mall Don Antonio Drive, Brgy Matandang Balara, Diliman, Quezon City 1119

",,
Quezon City,"Fairview
","Lot 2 Blk 32 Fairview Park, Brgy. Fairview, Quezon City 1118
",,
Quezon City,"Fairview Terraces
","Ground Floor Fairview Terraces Ayala Mall, Quirino Highway cor. Maligaya Drive, Brgy. Pasong Putik, Novaliches, Quezon City 1118

",,
Quezon City,Lagro,"Lot 7 Block 1 Sacred Heart Village, Quirino Highway, Brgy. Pasong Putik, Quezon City 1118

",,
Quezon City,"Novaliches Lagro
","UNIT 1 D GROUND FLR ,BDC CORPORATE CTR Mindanao Avenue Extension, BGY Greater Lagro, Novaliches, Quezon City 1118

",,
Quezon City,"Diliman Isidora
","Holy Spirit Drive cor. De Leon St. Isidora Hills Subd., Barangay Holy Spirit, Diliman, Quezon City 1121

",,
Quezon City,"EDSA - Cloverleaf
","1157 EDSA Balintawak, Brgy. Apolonio Samson, Quezon City

",,
Quezon City,"Roosevelt
","Ground Floor Bayantel Roosevelt Operation Center - 234 Roosevelt Avenue, SFDM, Brgy Del Monte, Quezon City 1105
",,
Quezon City,"SM North EDSA
","SM City North EDSA Branch, SM Main Bldg., Brgy. Bagong Pagasa, Quezon City 1105

",,
Quezon City,"Novaliches SM Hypermarket
","G/F SM Hypermarket Novaliches, 402 Quirino Highway, Brgy Talipapa, Novaliches, Quezon City 1116

",,
Quezon City,"Novaliches Sarmiento
","946 Quirino Highway corner Sarmiento Street, Barangay Novaliches Proper, Novaliches, Quezon City 1117
",,
Quezon City,"Ayala Malls Cloverleaf
","Space no. 123 & 124, Ground Floo, Ayala Malls Cloverleaf, Balintawak, Quezon City

",,
Quezon City,"Roosevelt - Munoz
","316 Roosevelt Ave, SFDM, Barangay San Antonio, Quezon City 1105
",,
Quezon City,"Novaliches Gen. Luis
","Gen Luis corner Gold Street, Millionaires Village, Barangay Novaliches Proper, Novaliches Quezon City 1123

",,
Quezon City,"Quezon Ave. EDSA
","G/F Triumph Square Building 1618 Quezon Ave South Triangle Quezon City 1103

",,
Quezon City,"Waltermart North EDSA
","G/F WMEDG 03, Waltermart North EDSA, Muñoz Brgy. Veterans, Quezon City 1105

",,
Quezon City,"Novaliches San Bartolome
","680 Quirino Highway, Barangay San Bartolome, Novaliches, Quezon City 1116

",,
Quezon City,"Cubao Aurora
","St. Anthony Bldg, Stella Maris Arcade, Aurora Blvd cor Cambridge, Brgy E. Rodriguez Cubao, Quezon City 1102

",,
Quezon City,"Broadway
","677 Aurora Blvd., Brgy. Mariana New Manila, Quezon City 1112

",,
Quezon City,"Ali Mall Cubao
","Space 2022 Level 2 Ali Mall Banking Center, Brgy. Socorro Cubao, Quezon City 1109

",,
Quezon City,"E. Rodriguez B.G. Belmonte
","1466 & 1468 E. Rodriguez Sr. Avenue corner Betty Go-Belmonte Street, Brgy. Immaculate Conception, Quezon City 1111

",,
Quezon City,"E.Rodriguez Welcome Rotonda","GF M1 Central Bldg, 18 E Rodriguez Sr Avenue cor Matimyas St, Brgy Don Manuel, Quezon City 1113

",,
Quezon City,"Aurora Boulevard
","719 Aurora Blvd, Brgy. Mariana, Quezon City 1112

",,
Quezon City,"Cubao Manhattan Parkview
","Space No. 20 Ground Floor Manhattan Parkview Retail, Gen. Roxas Avenue corner Gen. Romulo Street, Araneta Center, Brgy. Socorro Quezon City 1109

",,
Quezon City,"Araneta - E. Rodriguez
","486 G. Araneta Avenue, Brgy Dona Imelda, Quezon City 1113

",,
Quezon City,"St. Luke's
","St. Luke's Medical Center, 279 E. Rodriguez Sr. Ave, Brgy Kalusugan, Quezon City 1112

",,
Quezon City,"Cubao Gateway Mall
","G/F Gateway Mall, Gen. Malvar Ave., Araneta Center, Cubao, Brgy. Socorro Quezon City 1109

",,
Quezon City,"Cubao - F Castillo
","Cubao - P Tuazon 12th Ave.
",,
Quezon City,"Aurora - Hemady
","Santander Bldg. 711 Aurora Blvd corner Hemady Street, New Manila, Barangay Mariana, Quezon City 1112

",,
Quezon City,"Retiro Mayon
","NS Amoranto Cor. Mayon St., Brgy. NS Amoranto, La Loma, Quezon City 1114

",,
Quezon City,"Congressional Avenue
","G/F The Arete Square, Congressional Avenue, Brgy Bahay Toro Proj. 8 Quezon City 1106

",,
Quezon City,"Ayala Malls Vertis North
","Space R4-L1-041&042, Level 1, Vertis North, Phase 1&2 cor. North Ave., Brgy. Bagong Pag-asa, Quezon City ZIP CODE 1105

",,
Quezon City,"Tandang Sora
","397 Tandang Sora Avenue, Barangay Culiat, Quezon City
",,
Quezon City,"San Francisco Del Monte
","Araneta Avenue near corner Del Monte Avenue, Brgy Sienna, Quezon city

",,
Quezon City,"Retiro Kanlaon
","NS Amoranto Sr. Avenue cor. Kanlaon Street, Quezon City

",,
Quezon City,"Visayas Avenue
","46 Visayas Avenue, Brgy Vasra, Project 6, Quezon City 1100

",,
Quezon City,"Trinoma
","Space P1012E Level P1 Trinoma North Triangle, North Ave., corner EDSA, Brgy. Bagong Pag-asa, Quezon City 1105

",,
Quezon City,"Del Monte
","401 Del Monte Ave., Brgy Manresa, Quezon City

",,
Quezon City,"T Sora - Visayas Avenue
","243 Tandang Sora Avenue, Tandang Sora. Quezon City

",,
Quezon City,"Project 8 - Short Horn
","26 Shorthorn Street, Project 8, Barangay Bahay Toro, Quezon City 1106
",,
Quezon City,"Trinoma North
","Unit 1085-1086 Level M1, Trinoma, North Triangle, Brgy. Bagong Pag-asa Quezon City

",,
Quezon City,"Congressional Avenue Extension
","Lot 17 Block 5 Congressional Extension Avenue Barangay Culiat Quezon City Metro Manila

",,
Caloocan,"Caloocan Camarin Susano
","Unit 1 Ground Floor, Aryanna Village Center, Brgy 175, Susano Road, Camarin, Caloocan City 1400",,
Caloocan,"Grace Park 2nd Ave.
","Ever Pacific Bldg 191-193 Rizal Ave.(bet. 1st & 2nd Ave.), Barangay 41 Zone 2 Gracepark, Caloocan City

",,
Caloocan,"Grace Park 11th Ave
","690 Rizal Ave. Extension (bet 10th & 11th Ave.), Brgy. 91, Grace Park, Caloocan City

",,
Caloocan,"C3 A Mabini
","193 A. MABINI ST., BRGY 30, MAYPAJO, CALOOCAN CITY

",,
Caloocan,"Monumento Circle
","357 A Bonifacio Ave., Monumento Circle Caloocan City

",,
Caloocan,"Caloocan
","1350-1352 Rizal Ave Extn ( between 6th & 7th Ave.), Brgy. 110 Gracepark, Caloocan City 1400

",,
Caloocan,"EDSA-Balintawak
","Ground Floor, PPI Bldg., 355 EDSA cor. Gen. Tirona Street, Caloocan City

",,
Caloocan,"Monumento
","Samson Road near cor. Araneta Ave., Brgy. 77, Caloocan City

",,
Caloocan,"EDSA - Monumento
","MCU Compound, EDSA Monumento, Barangay 84, Caloocan City 1400

",,
Makati City,"Glorietta Mall Ground Level
","G/F Unit 1086 Glorietta Mall, Ayala Center, Brgy. San Lorenzo, Makati

",,
Makati City,"Ayala Avenue SGV
","SGV Building II, 6758 Ayala Avenue, Brgy. San Lorenzo, Makati City 1226

",,
Makati City,"Ayala Insular
","6781 Insular Life Building Ayala Avenue corner Paseo De Roxas, Brgy. Bel-Air, Makati City

",,
Makati City,"Ayala East
","G/F Ayala Life FGU Center, 6811 Ayala Ave. Brgy. Bel-Air, Makati City

",,
Makati City,"Ayala Nex Tower
","Ground Floor, NEX Tower, 6786 Ayala Avenue, Makati City

",,
Makati City,"Ayala Triangle
","G/F Tower One & Exchange Plaza, Ayala Triangle, Ayala Ave. Brgy. Bel-air, Makati City

",,
Makati City,"Ayala 6750
","G/F Ayala Office Tower, 6750 Ayala Avenue, Makati City

",,
Makati City,"Rufino Towers
","G/F Rufino Tower Bldg, Ayala Ave cor V.A. Rufino St, Brgy. San Lorenzo, Makati City 1226

",,
Makati City,"Ayala North Exchange
","Ground Floor, Ayala North Exchange, Ayala Avenue. corner Amorsolo and Salcedo Streets, San Lorenzo, Makati City

",,
Makati City,"One Ayala
","Lower Ground Floor, One Ayala, Ayala center Makati City

",,
Makati City,"Glorietta Mall Third Floor
","3rd Level Unit 3006 Glorietta Mall 2 Ayala Center, Brgy San Lorenzo, Makati City
",,
Makati City,"Makati Main
","G/F Makati Stock Exchange Bldg Ayala Ave Brgy Bel-Air Makati City 1226

",,
Makati City,"Legaspi Salcedo
","G/F State Condominium 1 Building, 186 Salcedo Street, Legaspi Village, Brgy. San Lorenzo, Makati City 1229

",,
Makati City,"Legaspi Columns
","G/F Tower 1 The Columns, Legaspi Village, Amorsolo St. corner Arnaiz Ave., Legaspi Village, Brgy. San Lorenzo, Makati City 1223

",,
Makati City,"Legaspi-Gamboa
","223 Salcedo Bldg,   223 Salcedo Street corner Gamboa Street,  Brgy. San Lorenzo, Makati City

",,
Makati City,"Greenbelt 5
","Lower G/F, Greenbelt 5, Ayala Center, Legaspi Street, Brgy. San Lorenzo, Makati City 1226

",,
Makati City,"The Enterprise Center
","G/F Tower 2, The Enterprise Center, 6766 Ayala Avenue corner Paseo de Roxas, Brgy. San Lorenzo, Makati 1226

",,
Makati City,"Paseo Legaspi
","111 Paseo De Roxas Bldg., Paseo De Roxas corner Legaspi Street, Brgy. San Lorenzo, Makati City 1229

",,
Makati City,"Dela Rosa Solaris One
","G/F Solaris One Bldg. Dela Rosa Street Legaspi Village, Brgy. San Lorenzo, Makati City

",,
Makati City,"Medical Plaza - Makati
","G/F Unit 102 Medical Plaza Bldg. Amorsolo cor Dela Rosa St. Legaspi Village, Brgy. San Lorenzo, Makati City 1229

",,
Makati City,"Corinthian Plaza
","G/F Corinthian Plaza Bldg., 121 Paseo De Roxas, Brgy. San Lorenzo, Makati 1223

",,
Makati City,"Rufino Esteban","G/F Sage House Condominium 110 V.A Rufino St., Legaspi Village, Brgy. San Lorenzo, Makati City 1229

",,
Makati City,"Dela Rosa Paseo
","109 Paseo de Roxas corner Dela Rosa St., Barangay San Lorenzo, Makati City 1226

",,
Makati City,"Ayala Paseo
","G/F Philamlife Tower, 8767 Paseo de Roxas, Brgy. Bel-Air, Makati City 1200

",,
Makati City,"Buendia Reposo
","G/F ITC Bldg., 337 Sen. Gil Puyat, Brgy. Bel Air, Makati City

",,
Makati City,"Salcedo Tordesillas
","G/F Solar Century Tower, HV Dela Costa corner Tordesillas Sts, Barangay Bel Air, Salcedo Village, Makati City

",,
Makati City,"Alfaro
","G/F LPL Center, 130 L.P. Leviste St., Brgy. Bel-Air, Salcedo Village, Makati City 1227

",,
Makati City,"Bel Air Paseo","54 Jupiter St, Belair Village, Brgy. Bel-Air, Makati City 1209

",,
Makati City,"Salcedo Alfaro
","Unit 102 G/F Grand Tower Cond. 150 LP Leviste St Salcedo Village Makati City 1227

",,
Makati City,"Paseo De Roxas
","Ayala Triangle Gardens Tower 2 Building Paseo de Roxas corner Makati Avenue , Makati City 1209

",,
Makati City,"Bel Air Polaris
","G/F Ventures II Bldg., 51 Polaris St., Bel Air Village, Brgy. Bel-Air, Makati City 1209

",,
Makati City,"Makati Atrium","G/F Atrium of Makati, Makati Avenue, Brgy. Urdaneta, Makati City 1225

",,
Makati City,"Buendia Center
","G/F Buendia Center Bldg., Sen. Gil Puyat Ave., Brgy. Bel-Air, Makati City

",,
Makati City,"Pacific Star
","G/F Pacific Star Bldg Sen. Gil Puyat cor Makati Avenue, Brgy. Bel-Air, Makati City

",,
Makati City,"Salcedo Village
","G/F 88 Corporate Center, Valero cor Sedeno St., Brgy. Bel-Air, Salcedo Village, Makati 1227

",,
Makati City,"Magallanes South
","Lot 6, Block 5, Paseo de Magallanes, Brgy. Magallanes, Makati City 1232

",,
Makati City,"Pasong Tamo Ext. Edsa
","2279 Chino Roces Avenue, Brgy. Magallanes, Makati City 1231
",,
Makati City,"Forbes Park
","15-A San Antonio Plaza Arcade, McKinley Road, Brgy. Forbes Park, Makati City 1200

",,
Makati City,"Bangkal
","1797 Evangelista cor. Gen. Mascardo St. Bangkal , Makati City 1233

",,
Makati City,"The Residences At Greenbelt","GL3 The Residences at Greenbelt Condominium Esperanza St. Ayala Center, Brgy. San Lorenzo, Makati City 1228

",,
Makati City,"Pasong Tamo
","2182 Chino Roces Avenue, Brgy. Pio del Pilar, Makati City 1230

",,
Makati City,"San Lorenzo
","1004 A. ARNAIZ AVENUE, SAN LORENZO VILLAGE, Brgy. San Lorenzo, MAKATI CITY 1223

",,
Makati City,"Pasong Tamo La Fuerza
","Unit/s 1 & 2 La Fuerza Plaza 1, 2241 Don Chino Roces Avenue, Brgy. Bangkal,Makati City 1231

",,
Makati City,"Chino Roces Ext.
","G/F, Natividad Building, 2308 Don Chino Roces Avenue Extension, Brgy. Magallanes, Makati City 1231

",,
Makati City,"Magallanes Edsa
","G/F MPI Bldg., 1052 EDSA Magallanes Village, Brgy. Magallanes, Makati City 1232

",,
Makati City,"Pasay Road","G/F Colbella Arcade, 910 A. Arnaiz Ave., Brgy. San Lorenzo, Makati City 1223

",,
Makati City,"Ayala Columns
","G/F The Columns Tower 2, Ayala corner Buendia Avenue, Brgy. Bel-Air, Makati City 1209

",,
Makati City,"San Antonio Kamagong
","9146 CLC Condominium, cor. Kamagong and Catmon Streets., San Antonio Village, Brgy. San Antonio, Makati City 1203

",,
Makati City,"JP Rizal San Miguel
","787 JP Rizal Street, San Miguel Village, Brgy. Poblacion, Makati City 1210

",,
Makati City,"Ayala Malls Circuit
","Lower Ground Level, Ayala Malls Circuit Hippodromo St., Brgy. Carmona, Makati City 1207

",,
Makati City,"Rockwell
","103 Ground Level R1, Poweplant Mall, Rockwell Center, Brgy. Poblacion Makati City 1210

",,
Makati City,"Buendia Pasong Tamo
","G/F Comfoods Bldg., Sen Gil Puyat Ave., cor Chino Roces Ave., Brgy. San Antonio, Makati City 1203

",,
Makati City,"Dian
","56 Sen. Gil Puyat Ave., Brgy. San Isidro, Makati City 1234

",,
Makati City,"JP Rizal","847 J.P. Rizal and Quintos Streets, Barangay Poblacion, Makati City 1210

",,
Makati City,"Cash And Carry Mall
","G/F Cash & Carry Mall, between South Super Hi-way and Filmore Street, Brgy Palanan, Makati City 1235

",,
Makati City,"The Rise
","G/F Assembly Grounds at the Rise, 7248 Malugay St., Brgy. San Antonio, Makati City 1203

",,
Makati City,"Buendia Malugay
","G/F Techzone Bldg., 213 Sen. Gil Puyat Ave., Brgy San Antonio, Makati City 1203

",,
Makati City,"JP Rizal - Binakod
","G/F A&M Bldg. 397 JP Rizal cor Binakod St., Brgy. Olympia, Makati City 1207

",,
Makati City,"Vito Cruz Chino Roces
","1171 Don Chino Roces Avenue, Brgy. San Antonio, Makati City 1203

",,
Makati City,"Comembo
","16 JP Rizal Extension, Brgy. Comembo, Makati City 1217

",,