sentiment,review_text
positive,Excellent service! Staff was very helpful and quick processing.
positive,"Fast transaction, friendly staff. Will come back again."
positive,Very efficient branch. No long waiting time today.
positive,Staff explained everything clearly. Great customer service!
positive,Quick and professional service. Highly recommended branch.
positive,"Clean facility, organized queue system. Very satisfied."
positive,Teller was courteous and processed my request quickly.
positive,No hassle transaction. Staff was accommodating.
positive,Great branch! Modern facilities and efficient service.
positive,Outstanding customer service. Staff went above and beyond.
positive,Very fast processing. Impressed with the service quality.
positive,"Friendly atmosphere, helpful staff. Five stars!"
positive,Smooth transaction from start to finish. Well done!
positive,"Professional staff, clean environment. Excellent experience."
positive,Quick service despite busy day. Thank you for good service.
positive,"Efficient tellers, minimal wait time. Very pleased."
positive,Staff was patient in explaining loan details. Great service!
positive,Modern branch with excellent customer service standards.
positive,Fast and accurate processing. Keep up the good work!
positive,Wonderful experience! Staff made banking easy and convenient.
positive,Love this branch! Super fast service üëç
positive,Best bank staff ever! Always smiling
positive,Quick and easy. No complaints!
positive,Amazing customer service today
positive,"Fast tellers, clean bathrooms lol"
positive,Staff remembered my name. Sweet!
positive,5 stars! Will definitely return
positive,"Parking was easy, service quick"
positive,No wait time today. Perfect!
positive,Friendly faces everywhere
positive,ATM worked perfectly fine
positive,"Great location, helpful people"
positive,Smooth transaction as always
positive,Professional and courteous staff
positive,"Clean facility, organized setup"
positive,Amazing digital banking features! Mobile app works flawlessly.
positive,Best bank in the area. Never had any issues with their service.
positive,Loan approval was surprisingly fast. Great rates too!
positive,Staff remembered my name and preferences. Personal touch appreciated.
positive,Open on weekends which is very convenient for working people.
positive,Security measures are top-notch. Feel safe banking here.
positive,Investment advice was spot on. Made good returns this year.
positive,Credit card application processed same day. Impressive!
positive,Drive-thru service is super convenient. Never have to get out.
positive,Online banking platform is user-friendly and secure.
positive,Mortgage team was incredibly helpful throughout the process.
positive,24/7 customer service actually works! Got help at midnight.
positive,Interest rates are competitive. Happy with my savings account.
positive,Branch manager personally handled my complaint. Excellent!
positive,Free ATM usage worldwide saved me hundreds in fees.
positive,Financial planning session was informative and helpful.
positive,Quick business account setup. Got everything done in one visit.
positive,Student account benefits are amazing. No fees at all!
positive,Insurance products are reasonably priced and comprehensive.
positive,Mobile check deposit feature saves so much time.
positive,Wealth management team exceeded my expectations completely.
positive,Foreign exchange rates are better than competitors.
positive,Home loan pre-approval process was smooth and transparent.
positive,Senior citizen benefits are generous and well-designed.
positive,Credit score monitoring service is a great value-add.
positive,Fraud protection caught suspicious activity immediately.
positive,Business banking solutions perfectly fit our company needs.
positive,Refinancing process was hassle-free with great new rates.
positive,Investment portfolio performance has been consistently strong.
positive,Customer loyalty program rewards are actually worthwhile.
positive,Branch renovation looks modern and welcoming now.
positive,Educational workshops on financial literacy were excellent.
positive,Personalized financial advice helped me plan better.
positive,Quick response to account security concerns. Very professional.
positive,Debt consolidation loan helped me get back on track.
positive,Premium banking services justify the additional fees.
positive,Auto loan rates were the best I found anywhere.
positive,Tax preparation service saved me time and money.
positive,Trust and estate planning services are comprehensive.
positive,Corporate banking team understands our business needs perfectly.
negative,Very long waiting time. Poor queue management system.
negative,"Unfriendly staff, slow service. Need improvement urgently."
negative,Waited over 30 minutes for simple transaction. Terrible.
negative,"Rude teller, unprofessional behavior. Very disappointed."
negative,"System always down, wasting customer's time. Fix it!"
negative,"Crowded branch, insufficient staff. Need more tellers."
negative,Poor customer service. Staff seems uninterested to help.
negative,Long lines every day. Need better crowd management.
negative,"Slow processing, outdated systems. Time to upgrade."
negative,Staff lacks proper training. Made errors in transaction.
negative,Terrible experience. Will switch to another branch.
negative,Air conditioning not working. Hot and uncomfortable.
negative,Website says open but branch was closed. Poor communication.
negative,ATM always broken. Need better machine maintenance.
negative,"Complicated procedures, unhelpful staff. Frustrating experience."
negative,Waited 1 hour for loan processing. Completely unacceptable.
negative,Staff talking personal matters while serving. Very unprofessional.
negative,No proper social distancing. Safety protocols ignored.
negative,"Parking area too small. Always full, very inconvenient."
negative,Computer system slow. Every transaction takes forever.
negative,Waited 45 mins for nothing. Ridiculous!
negative,Rude staff. Never coming back.
negative,System crashed AGAIN. Get it together!
negative,Worst branch ever. Zero stars
negative,Staff ignoring customers completely
negative,Long lines every single day
negative,ATM ate my card. Great.
negative,Unprofessional behavior from manager
negative,Parking lot is a nightmare
negative,Always understaffed. Always.
negative,Slow as molasses. Ugh.
negative,Made me wait to close my account
negative,Fees everywhere! Money grab
negative,No one knows what they're doing
negative,Terrible customer service training
negative,Hidden fees everywhere! Not transparent about charges at all.
negative,Mobile app crashes constantly. Technology is terrible here.
negative,Loan application rejected without proper explanation. Frustrating!
negative,Account was frozen due to their system error. Nightmare experience.
negative,Interest rates on savings are practically zero. Waste of time.
negative,Customer service puts you on hold for hours. Unacceptable!
negative,ATM ate my card and branch couldn't help immediately.
negative,Online banking security questions are ridiculously complicated.
negative,Overdraft fees are excessive and unreasonable. Money grab!
negative,Branch closes too early. Not convenient for working people.
negative,Credit card interest rates increased without proper notice.
negative,Investment advice lost me money. Questionable recommendations.
negative,Mortgage application process took months with endless paperwork.
negative,Staff turnover is high. Always dealing with new people.
negative,Parking fees at downtown branch are outrageous addition.
negative,Wire transfer fees are much higher than other banks.
negative,Business account monthly fees keep increasing every year.
negative,Insurance products are overpriced compared to direct providers.
negative,Foreign transaction fees are hidden until you travel.
negative,Safe deposit box rental doubled without explanation.
negative,Automatic payment system failed multiple times this year.
negative,Branch merger caused chaos with account numbers changing.
negative,Wealth management advisor was pushy and unprofessional.
negative,Check clearing times are unreasonably long in digital age.
negative,Credit score monitoring service has outdated information.
negative,Fraud department declined legitimate purchases repeatedly.
negative,Small business loan requirements are impossibly strict.
negative,Refinancing was denied despite improved credit score.
negative,Investment platform is outdated and hard to navigate.
negative,Loyalty program rewards expired without notification.
negative,Construction noise makes banking visits unpleasant experience.
negative,Financial advisor pushed expensive products unnecessarily.
negative,Identity verification process is overly complicated and slow.
negative,Debt management advice was generic and unhelpful.
negative,Premium account benefits don't match the high fees.
negative,Auto loan approval took weeks despite pre-qualification.
negative,Tax service made errors requiring amendments and fees.
negative,Trust services communication was poor throughout process.
negative,Corporate account setup required visiting multiple departments.
negative,Account closure process was deliberately made difficult.
neutral,"Regular service, nothing special. Average branch experience."
neutral,Standard banking service. Met basic expectations.
neutral,"Okay service, could be better. Room for improvement."
neutral,"Average wait time, decent staff. Typical bank visit."
neutral,"Service was fine, not great but acceptable."
neutral,Normal processing time. Staff did their job adequately.
neutral,Standard branch operations. Nothing to complain about.
neutral,Fair service quality. Expected better but okay overall.
neutral,"Decent facilities, average customer service. It's okay."
neutral,Regular bank experience. No major issues encountered.
neutral,Standard procedures followed. Nothing remarkable happened.
neutral,"Average branch, typical banking service provided."
neutral,Acceptable service level. Staff was professional enough.
neutral,"Normal banking experience. No surprises, good or bad."
neutral,Fair processing time. Service was satisfactory overall.
neutral,Standard bank branch. Met minimum service expectations.
neutral,Regular transaction completed. Nothing special to note.
neutral,Average customer service. Staff was polite but busy.
neutral,Typical bank visit. Service was adequate for needs.
neutral,Standard operating procedures. Everything went normally.
neutral,It's a bank. Does bank things.
neutral,Service was okay. Nothing special.
neutral,"Average wait time, decent staff"
neutral,"Could be better, could be worse"
neutral,Standard banking experience here
neutral,"Gets the job done, I guess"
neutral,Meh. It's fine for basic stuff
neutral,"Not great, not terrible either"
neutral,Regular branch. No surprises.
neutral,"Fair service, fair prices"
neutral,Adequate for my banking needs
neutral,Pretty standard bank branch
neutral,"No complaints, no compliments"
neutral,Did what I needed done
neutral,Typical bank experience
neutral,Banking here for 5 years. No major complaints or praise.
neutral,Services are comparable to other banks in the area.
neutral,Digital features work but could use some improvements.
neutral,Staff follows procedures but lacks enthusiasm for service.
neutral,"Interest rates are market standard, nothing special offered."
neutral,Branch location is convenient but parking can be challenging.
neutral,Customer service resolves issues but takes standard time.
neutral,Fees are transparent but wish they were lower overall.
neutral,Mobile app functions adequately for basic banking needs.
neutral,"Loan process was by-the-book, no surprises either way."
neutral,ATM network coverage is decent in most areas.
neutral,Investment options are limited but cover basic needs.
neutral,Security measures seem adequate for today's standards.
neutral,Business banking services meet our basic requirements.
neutral,Credit card terms are standard for the industry.
neutral,Online banking works fine most of the time.
neutral,Branch hours are typical for banks in this region.
neutral,Staff knowledge varies depending on who you get.
neutral,Account management tools are functional but dated.
neutral,Customer communication could be more proactive overall.
neutral,Mortgage rates were competitive when I applied last year.
neutral,Financial planning services are basic but cover essentials.
neutral,Wait times vary greatly depending on day and time.
neutral,Product offerings are standard for mid-sized regional bank.
neutral,Technology updates happen but seem to lag behind competitors.
neutral,"Branch amenities are basic - coffee, water, comfortable seating."
neutral,"Processing times are average, neither fast nor slow."
neutral,Account statements are clear and easy to understand.
neutral,Customer portal has essential features but nothing innovative.
neutral,Support team is polite and follows standard procedures.
neutral,Banking products meet needs but don't exceed expectations.
neutral,Fees are disclosed upfront but add up over time.
neutral,"Services delivered as promised, nothing more or less."
neutral,Branch staff is professional but not particularly memorable.
neutral,Systems work reliably most of the time with occasional issues.
neutral,Policies are clearly stated and consistently applied.
neutral,"Facilities are clean and functional, standard bank environment."
neutral,Response times to inquiries are reasonable for industry.
neutral,Account features are sufficient for personal banking needs.
neutral,Overall experience is predictable and meets basic expectations.
